Global.Clear                               	[]                	[C,S,X]    	--  "Clear the Console's input and output areas"
Global.Execute                             	[]                	[C,S,X]    	--  "Executes a list of commands"
Global.Help                                	[]                	[C,S,X]    	--  "Displays this help text"
Global.Variables                           	[]                	[C,S,X]    	--  "Display all game variables with current values and a description"
Global.WriteConfig                         	[]                	[C,S,X]    	--  "Writes the ElDewrito config file"
Camera.CenteredCrosshairFirst              	[]                	[C]        	--  "Controls whether the crosshair should be centered in first person"
Camera.CenteredCrosshairThird              	[]                	[C]        	--  "Controls whether the crosshair should be centered in third person"
Camera.FOV                                 	[]                	[C]        	--  "The cameras field of view"
Camera.FocusDistance                       	[]                	[C]        	--  "The camera focus distance. Only applies to the third person. 0 = unchanged"
Camera.HideHUD                             	[]                	[C]        	--  "Toggles the HUD"
Camera.HideKillFeed                        	[]                	[C]        	--  "Toggles the Kill Feed"
Camera.Mode                                	[]                	[C]        	--  "Camera mode, valid modes: default, first, third, flying, static"
Camera.Position                            	[]                	[C]        	--  "The cameras position, Doesn't work when camera mode is set to default"
Camera.ShowCoordinates                     	[]                	[C]        	--  "The cameras field of view"
Camera.Smoothing                           	[]                	[C]        	--  "The flying camera smoothing factor"
Camera.Speed                               	[]                	[C]        	--  "The camera speed"
Camera.VertSpeed                           	[]                	[C]        	--  "The camera's vertical speed"
Campaign.CinematicFrameRate                	[]                	[C]        	--  "Set the cinematic frame rate in seconds"
Campaign.DifficultyLevel                   	[]                	[C]        	--  "Sets the campaign difficulty level. (easy, normal, heroic, legendary)"
Campaign.InsertionPoint                    	[]                	[C]        	--  "Changes the current insertion point."
Campaign.MetagameScoring                   	[]                	[C]        	--  "Changes the metagame scoring options. (off, team, ffa)"
Campaign.PlayerRepresentationEnabled       	[]                	[C]        	--  "Determines whether the player campaign representation will be used."
Campaign.Skulls                            	[]                	[C]        	--  "Set the campaign skulls (iron, black_eye, tough_luck, catch, fog, famine, thunderstorm, tilt, mythic, assassin, blind, superman, birthday, daddy, third_person, directors_cut)"
Campaign.SprintEnabled                     	[]                	[C]        	--  "Sets whether sprint will be enabled during campaign"
Cheat.AllEquipment                         	[]                	[C]        	--  "Gives the player all equipment"
Cheat.AllVehicles                          	[]                	[C]        	--  "Gives the player all vehicles"
Cheat.AllWeapons                           	[]                	[C]        	--  "Gives the player all weapons"
Cheat.DeleteWeapons                        	[]                	[C]        	--  "Deletes the current weapons"
Cheat.Spawn                                	[]                	[C]        	--  "Spawn an object"
Console.AutoCompleteMode                   	[]                	[C]        	--  "Toggle between the Console auto complete modes. Options: 0, 1, 2, Prefix, or Substring. Setting it to 0 will toggle between Prefix and Substring modes"
Console.Dock                               	[]                	[C]        	--  "Toggle Console docking, allows you to drag and resize the console if undocked. Options: 0, 1 or 2. Setting it to 0 will do the same as the Dock button"
Console.History                            	[]                	[C]        	--  "Display the commands in the Console's command history, you can navigate the command history using the arrow up/down keys"
Console.Invert                             	[]                	[C]        	--  "Inverts the Console input box and drag handle"
Console.MaxHistory                         	[]                	[C]        	--  "Set the Console's maximum history"
Console.Opacity                            	[]                	[C]        	--  "Set the Console's overall opacity. Range: 0 - 100. Do not set below 40"
Console.Reset                              	[]                	[C]        	--  "Reset the Console, useful if something goes wrong and you can no longer properly use the console"
Console.Size                               	[]                	[C]        	--  "Set the Console's output box size manually. Options: 1, 2, 3 or 4. Setting it to 0 will do the same as Console.ToggleSize"
Console.Transparency                       	[]                	[C]        	--  "Set the Console's background transparency. Range: 0 - 100"
Debug.Acrophobia                           	["0","1"]         	[C,S]      	--  "Enables the Acrophobia skull effect, allowing players to fly"
Debug.Clusters                             	[]                	[C]        	--  "Display the clusters of the current structure bsp"
Debug.CollisionModels                      	[]                	[C]        	--  "Displays object collision model geometry"
Debug.CollisionTest                        	[]                	[C]        	--  "Displays info about the collision surface under the crosshair"
Debug.CrashReporting                       	[]                	[C,X]      	--  "Enables crash reporting"
Debug.DamageAOE                            	[]                	[C]        	--  "Debug damage area of effect"
Debug.DamageAOEDisplayTime                 	[]                	[C]        	--  "Controls the duration of damage area of effect display"
Debug.DumpTags                             	[]                	[C,X]      	--  "Dumps a list of loaded tags"
Debug.FilterSounds                         	[]                	[C,X]      	--  "Ignore all sound class excepts the specified value. 65 means all sound classes."
Debug.GeometrySamplerQuality               	[]                	[C]        	--  "Sets the geometry sampler quality (0 = disabled, 1 = normal, 2 = best)"
Debug.LoopingSounds                        	[]                	[C,X]      	--  "Displays info about the current active looping sounds."
Debug.MapBarriersDisabled                  	["0","1"]         	[C,S]      	--  "Disables map push/death barriers"
Debug.MarkerGroupFilter                    	[]                	[C,X]      	--  "Filter which marker groups are displayed"
Debug.MarkerGroups                         	[]                	[C,X]      	--  "Displays object markers"
Debug.PhysicsModels                        	[]                	[C,X]      	--  "Displays object physics model geometry"
Debug.PlayerDamageDisabled                 	["0","1"]         	[C,S]      	--  "Players take no damage"
Debug.ScriptName                           	["script_name"]   	[C,S]      	--  "Filter trace to the given script"
Debug.ScriptTrace                          	["0","1"]         	[C,S]      	--  "Enable script tracing"
Debug.ScriptTraceFile                      	[]                	[C,X]      	--  "File to trace to"
Debug.ShowCrte                             	[]                	[C,X]      	--  "Forces a crte scene to display. Use tagname or hex index"
Debug.SoundSources                         	[]                	[C,X]      	--  "Displays info about the current active sound sources."
Debug.StructureCollision                   	[]                	[C,X]      	--  "Displays structure collision geometry"
Debug.TriggerVolumes                       	[]                	[C,X]      	--  "Displays trigger volumes"
Debug.Visibility                           	[]                	[C,X]      	--  "Display statistics for visible render items and item groups"
Download.DebugTrace                        	[]                	[S,X]      	--  "Enables debug tracing for downloads"
Download.MaxHttpConnections                	[]                	[S,X]      	--  "Controls the maximum number of http connections per download"
Download.MaxHttpSegmentRetry               	[]                	[S,X]      	--  "Controls the maximum number of times a segment is retried before the download is aborted"
Download.MinHttpSegmentSize                	[]                	[S,X]      	--  "Controls the minimum size that a segment can be split"
Forge.Budget                               	[]                	[C]        	--  "Displays information about remaining objects"
Forge.Canvas                               	[""]              	[C,S]      	--  "Delete all objects on the map"
Forge.CloneDepth                           	[]                	[C]        	--  "Depth at which the object will be cloned"
Forge.CloneMultiplier                      	[]                	[C]        	--  "Number of consecutive times the object will be cloned"
Forge.DeleteAll                            	[]                	[C]        	--  "Delete all objects that are the same as the object under the crosshair"
Forge.DeletePrefab                         	[]                	[C]        	--  "Delete a saved prefab"
Forge.DeselectAll                          	[]                	[C]        	--  "Deselect all selected objects"
Forge.DeselectAllOf                        	[]                	[C]        	--  "Deselect all selected objects that are the same as the object under the crosshair"
Forge.DumpPrefabs                          	[]                	[C]        	--  "Dump a list of saved prefabs in json"
Forge.ExpandSelection                      	[]                	[C]        	--  "Expand the selection by a given radius"
Forge.GrabDistance                         	[]                	[C]        	--  "Controls the maximum distance from which objects can be grabbed"
Forge.InvertSelection                      	[]                	[C]        	--  "Invert the current selection"
Forge.LoadPrefab                           	[]                	[C]        	--  "Load prefab from a file"
Forge.MagnetAutogen                        	[]                	[C]        	--  "Generates forge magnets from the collision model"
Forge.Magnets                              	[]                	[C]        	--  "Controls whether magnets are enabled (1) or disabled (0)"
Forge.MagnetsStrength                      	[]                	[C]        	--  "Controls the minimum distance at which magnets snap"
Forge.MagnetsVisible                       	[]                	[C]        	--  "Controls whether magnets are shown (1) or hidden (0)"
Forge.MapOptions                           	[]                	[C]        	--  "Opens map modifier object properties"
Forge.MonitorNoclip                        	[]                	[C]        	--  "Allows the monitor to pass through bsp and other objects"
Forge.MonitorSpeed                         	[]                	[C]        	--  "Controls the movement speed of the monitor"
Forge.Redo                                 	[]                	[C]        	--  "Redo the undone action"
Forge.ResetRuntime                         	[""]              	[C,S,?]    	--  "Respawn any abandoned/despawned objects"
Forge.RotationSensitivity                  	[]                	[C]        	--  "Controls the sensitivity of object rotation"
Forge.RotationSnap                         	[]                	[C]        	--  "Angle at which object rotation will be snapped"
Forge.SavePrefab                           	[]                	[C]        	--  "Save prefab to a file"
Forge.SelectAll                            	[]                	[C]        	--  "Select all objects that are the same as the object under the crosshair"
Forge.SelectAllMaterial                    	[]                	[C]        	--  "Select all objects with the same material"
Forge.SelectEverything                     	[]                	[C]        	--  "Select all objects on the map"
Forge.SelectionColor                       	[]                	[C]        	--  "Controls the forge selection color"
Forge.SelectionRenderer                    	[]                	[C]        	--  "Set the selection renderer to use"
Forge.SetPrematchCamera                    	[]                	[C]        	--  "Set the position/orientation of the prematch camera"
Forge.ShowInvisibles                       	["0","1"]         	[C,S,?]    	--  "When enabled forces invisible materials to be visible"
Forge.ShowWorldBounds                      	["0","1"]         	[C,S,?]    	--  "Show the bsp world bounds"
Forge.SpawnItem                            	[]                	[C]        	--  "Spawn an item from the forge palette"
Forge.Undo                                 	[]                	[C]        	--  "Undo the last action"
Game.CEFAtlasRendererEnable                	[]                	[C]        	--  "Enables CEF Atlas path rendering"
Game.CEFGpuEnable                          	[]                	[C]        	--  "0 = Disable CEF gpu acceleration / 1 = Enable CEF gpu acceleration"
Game.CampaignMod                           	[]                	[C]        	--  "The filename of the mod to load on loading the campaign lobby"
Game.ChatMessageLimit                      	[]                	[C]        	--  "Sets the max limit for the number of messages in chat history that should be saved"
Game.ChatURL                               	[]                	[C]        	--  "url(string) The URL of the page you want to load for the chat screen"
Game.ConsoleURL                            	[]                	[C]        	--  "url(string) The URL of the page you want to load for the console screen"
Game.DialogURL                             	[]                	[C]        	--  "url(string) The URL of the page you want to load for the dialog screen"
Game.Discord.AutoAccept                    	[]                	[C,S,X]    	--  "Allow auto accepting join requests"
Game.Discord.Enable                        	[]                	[C,S,X]    	--  "Enable/disable discord integration"
Game.DiscordURL                            	[]                	[C]        	--  "url(string) The URL of the page you want to load for the discord screen"
Game.EmoteScreenURL                        	[]                	[C]        	--  "url(string) The URL of the page you want to load for the emote screen"
Game.End                                   	[""]              	[C,S]      	--  "Ends the game"
Game.EndRound                              	[""]              	[C,S]      	--  "Ends the round"
Game.Exit                                  	[""]              	[C,S,X]    	--  "Ends the game process"
Game.ExpandedScoreboard                    	[]                	[C]        	--  "Always show full scoreboard, instead of just while locked/postgame"
Game.FirefightMod                          	[]                	[C]        	--  "The filename of the mod to load on loading the firefight lobby"
Game.FirstRun                              	[]                	[C]        	--  "Show the first run setup next time the game starts"
Game.FontPackage                           	[]                	[C]        	--  "set the current font package path"
Game.ForceLoad                             	[]                	[C,S,X]    	--  "Forces a map to load"
Game.ForgeObjectCreationURL                	[]                	[C]        	--  "url(string) The URL of the page you want to load for the forge_object_creation screen"
Game.ForgeObjectPropertiesURL              	[]                	[C]        	--  "url(string) The URL of the page you want to load for the forge_object_properties screen"
Game.GameType                              	["variant_name"]  	[C,S]      	--  "Loads a gametype"
Game.HideChat                              	[]                	[C]        	--  "Hide in-game chat screen"
Game.InGameVotingURL                       	[]                	[C]        	--  "url(string) The URL of the page you want to load for the ingame_voting screen"
Game.Info                                  	[]                	[C]        	--  "Displays information about the game"
Game.Language                              	[]                	[C,S,X]    	--  "The language to use"
Game.Leave                                 	[]                	[C,X]      	--  "Leaves the game, goes back to menu"
Game.ListMaps                              	[""]              	[C,S]      	--  "List all available map files"
Game.LoadingURL                            	[]                	[C]        	--  "url(string) The URL of the page you want to load for the loading screen"
Game.LogFilter                             	[]                	[C,S,X]    	--  "Allows you to set filters to apply to the debug messages"
Game.LogLevel                              	[]                	[C,S,X]    	--  "Debug log verbosity level"
Game.LogName                               	[]                	[C,S,X]    	--  "Filename to store debug log messages"
Game.LogTypes                              	[]                	[C,S,X]    	--  "Chooses which kinds of debug messages to print to the log file"
Game.MainMenuMod                           	[]                	[C]        	--  "The filename of the mod to load on the main menu"
Game.Map                                   	["map_name"]      	[C,S]      	--  "Loads a map or map variant"
Game.MenuURL                               	[]                	[C]        	--  "url(string) The URL of the page you want to load inside the menu"
Game.MultiplayerMod                        	[]                	[C,S,X]    	--  "The filename of the mod to load on loading the Multiplayer lobby"
Game.PlayerReportURL                       	[]                	[C]        	--  "url(string) The URL of the page you want to load for the report screen"
Game.PrintScript                           	["script_name"]   	[C,S]      	--  "Prints information about a scenario script expression"
Game.ProfileSettingsURL                    	[]                	[C]        	--  "url(string) The URL of the page you want to load for the profile_settings screen"
Game.RconPort                              	[]                	[S,X]      	--  "The port to use for rcon in this instance of the game"
Game.Restart                               	[]                	[C,S,X]    	--  "Restart the game process"
Game.ScenarioScript                        	["script_name"]   	[C,S]      	--  "Executes a scenario script"
Game.ScoreboardURL                         	[]                	[C]        	--  "url(string) The URL of the page you want to load for the scoreboard screen"
Game.ScreenshotNoticeDisabled              	[]                	[C]        	--  "Disables the screenshot notifications"
Game.ScreenshotNoticeURL                   	[]                	[C]        	--  "url(string) The URL of the page you want to load for the screenshot_notice screen"
Game.ScreenshotsFolder                     	[]                	[C]        	--  "The location where the game will save screenshots"
Game.ServerSettingsURL                     	[]                	[C]        	--  "url(string) The URL of the page you want to load for the server_settings screen"
Game.SettingsURL                           	[]                	[C]        	--  "url(string) The URL of the page you want to load for the settings screen"
Game.ShowLocalServersUI                    	[]                	[C]        	--  "Opens the local server browser UI"
Game.ShowModBrowser                        	[]                	[C]        	--  "Opens the mod browser UI with the correct lobby"
Game.ShowModInfo                           	[]                	[C]        	--  "Opens the mod info UI with details about the currently loaded mod"
Game.ShowScreen                            	[]                	[C]        	--  "Displays the specified screen"
Game.ShowTickrate                          	[]                	[C]        	--  "Toggle the on-screen Tickrate"
Game.ShowUI                                	[]                	[C]        	--  "Attempts to force a UI widget to open"
Game.SkipIntroVideos                       	[]                	[C]        	--  "Skip the game's intro videos."
Game.SkipTitleSplash                       	[]                	[C]        	--  "Skip the ElDewrito splash screen and go straight to the main menu"
Game.Start                                 	[""]              	[C,S]      	--  "Starts or restarts the game"
Game.StartCountdown                        	[""]              	[C,S]      	--  "Starts the game start countdown"
Game.Stop                                  	[""]              	[C,S]      	--  "Stops the game, goes back to lobby"
Game.TagAddress                            	[]                	[C,S,X]    	--  "Gets the address of a tag in memory"
Game.TakeScreenshot                        	[]                	[C]        	--  "Take a screenshot"
Game.TickRate                              	[]                	[C]        	--  "Set the game tick rate in seconds"
Game.TitleURL                              	[]                	[C]        	--  "url(string) The URL of the page you want to load for the title screen"
Game.Update                                	[]                	[C]        	--  "Update the game to the latest version"
Game.Version                               	[]                	[C]        	--  "Displays the game's version"
Game.VoipURL                               	[]                	[C]        	--  "url(string) The URL of the page you want to load for the voip screen"
Game.VotingURL                             	[]                	[C]        	--  "url(string) The URL of the page you want to load for the voting screen"
Game.WeaponOffsetURL                       	[]                	[C]        	--  "url(string) The URL of the page you want to load for the weapon_offset screen"
Graphics.Bloom                             	[]                	[C]        	--  "The atmosphere bloom"
Graphics.BlueHue                           	[]                	[C]        	--  "The blue hue"
Graphics.CenteredHUD                       	[]                	[C]        	--  "Center the HUD for ultrawide displays"
Graphics.ContrailsEnabled                  	[]                	[C]        	--  "Determines whether contrail systems are enabled."
Graphics.CustomHUDColorsEnabled            	[]                	[C]        	--  "Enables custom heads up display colors."
Graphics.CustomHUDColorsPrimary            	[]                	[C]        	--  "Change the primary custom HUD color."
Graphics.CustomHUDColorsSecondary          	[]                	[C]        	--  "Change the primary custom HUD color."
Graphics.DecalsEnabled                     	[]                	[C]        	--  "Determines whether decal systems are enabled."
Graphics.DepthOfField                      	[]                	[C]        	--  "The camera's depth of field"
Graphics.DisableContrails                  	[]                	[C]        	--  "Disables the contrail renderer."
Graphics.ForceDefaultLighting              	[]                	[C]        	--  "When disabled uses a single SH light probe for all lighting"
Graphics.Gamma                             	[]                	[C]        	--  "Global gamma. 3.6 is the default, 4.0 is equivalent to the gamma in previous versions of ElDewrito."
Graphics.GreenHue                          	[]                	[C]        	--  "The green hue"
Graphics.HUDScaleX                         	[]                	[C]        	--  "The HUD Scaling factor for the X axis"
Graphics.Letterbox                         	[]                	[C]        	--  "A cinematic letterbox."
Graphics.ParticlesEnabled                  	[]                	[C]        	--  "Determines whether particle systems are enabled."
Graphics.RedHue                            	[]                	[C]        	--  "The red hue"
Graphics.ReflectionsEnabled                	[]                	[C]        	--  "Determines whether reflections are enabled."
Graphics.Saturation                        	[]                	[C]        	--  "The saturation"
Graphics.SupportedResolutions              	[]                	[C]        	--  "List the supported screen resolutions"
Graphics.UIScaling                         	[]                	[C]        	--  "Enables proper UI scaling to match your monitor's resolution."
Input.Bind                                 	[]                	[C]        	--  "Binds a command to a key"
Input.ControllerAction                     	[]                	[C]        	--  "Binds an in-game action to a controller button"
Input.ControllerInvertY                    	[]                	[C]        	--  "Invert the controller Y look axis"
Input.ControllerPort                       	[]                	[C]        	--  "The port number of the player's controller."
Input.ControllerSensitivityX               	[]                	[C]        	--  "Horizontal controller look sensitivity"
Input.ControllerSensitivityY               	[]                	[C]        	--  "Vertical controller look sensitivity"
Input.ControllerStickLayout                	[]                	[C]        	--  "Controller stick layout"
Input.ControllerVibrationIntensity         	[]                	[C]        	--  "Controls the controller vibration intensity"
Input.ControllerVibrationTest              	[]                	[C]        	--  "Test the controller vibration"
Input.DirectInput                          	[]                	[C]        	--  "Enables the DirectInput keyboard device"
Input.DumpBindingsJson                     	[]                	[C]        	--  "Dumps the input bindings table in json"
Input.FindBind                             	[]                	[C]        	--  "Finds the key bound to a command passed"
Input.KeyboardAction                       	[]                	[C]        	--  "Binds an in-game action to keyboard keys or mouse buttons"
Input.MouseWheelCooldown                   	[]                	[C]        	--  "Time between consecutive mouse wheel inputs in milliseconds"
Input.RawInput                             	[]                	[C]        	--  "Enables raw mouse input with no acceleration applied"
Input.ResetBindings                        	[]                	[C]        	--  "Restores default bindings"
Input.SmartScoreboard                      	[]                	[C]        	--  "Enable for smarter scoreboard locking"
Input.SpectateSensitivity                  	[]                	[C]        	--  "Spectator camera sensitivity"
Input.TapScoreboard                        	[]                	[C]        	--  "Enable/disable double tap to lock scoreboard"
Input.ToggleSprint                         	[]                	[C]        	--  "Sprint toggle enabled (1) or disabled (0)"
Player.AlertCarry                          	[]                	[C]        	--  "Toggle the alert carry pose"
Player.Emblem                              	[]                	[C]        	--  "Player Emblem url"
Player.Emote                               	[]                	[C]        	--  "Starts an emote"
Player.Gender                              	[]                	[C]        	--  "The players gender"
Player.Kill                                	[]                	[C]        	--  "Kills the player that runs the command"
Player.Name                                	[]                	[C]        	--  "The players ingame name"
Player.Nameplate                           	[]                	[C]        	--  "Index for the nameplate in the lobby"
Player.NameplateColor                      	[]                	[C]        	--  "Color for the nameplate in the lobby"
Player.PrintUID                            	[]                	[C]        	--  "Prints the players UID"
Player.ServiceTag                          	[]                	[C]        	--  "The players service tag"
Script.PrintToConsole                      	[""]              	[C,S]      	--  "Logs hsc print to the console"
Server.AddBan                              	["player_name"]   	[S]        	--  "Adds to the ban list (does NOT kick anyone)"
Server.Announce                            	["0","1"]         	[S]        	--  "Announces this server to the master servers"
Server.AssassinationEnabled                	["0","1"]         	[S]        	--  "Controls whether assassinations are enabled on the server"
Server.BanListSyncIntervalSeconds          	[]                	[S,X]      	--  "The interval at which banlists synced and enforced"
Server.BottomlessClipEnabled               	["0","1"]         	[S]        	--  "Controls whether bottomless clip is enabled on the server"
Server.ChatCommandEndGameEnabled           	["0","1"]         	[S]        	--  "Controls whether or not players can vote to end the game."
Server.ChatCommandEndRoundEnabled          	["0","1"]         	[S]        	--  "Controls whether or not players can vote to end the round."
Server.ChatCommandKickPlayerEnabled        	["0","1"]         	[S]        	--  "Controls whether or not players can vote to kick someone."
Server.ChatCommandShuffleTeamsEnabled      	["0","1"]         	[S]        	--  "Controls whether or not players can vote to shuffle the teams."
Server.ChatCommandVoteTime                 	[]                	[S]        	--  "The number of seconds a chat command vote lasts"
Server.ChatLogEnabled                      	[]                	[S,X]      	--  "Controls whether chat logging is enabled"
Server.ChatLogFile                         	[]                	[S,X]      	--  "Sets the name of the file to log chat to"
Server.ClearTempBans                       	[""]              	[S]        	--  "clears the temp ban list"
Server.Connect                             	[]                	[C]        	--  "Begins establishing a connection to a server"
Server.Countdown                           	["0-20"]          	[S]        	--  "The number of seconds to wait at the start of the game, 0 - 20"
Server.CountdownLobby                      	["0-20"]          	[S]        	--  "The number of seconds to wait in the lobby before the game starts, 0 - 20"
Server.Dedicated                           	[]                	[C,S,X]    	--  "Used only to let clients know if the server is dedicated or not"
Server.DualWieldEnabled                    	["0","1"]         	[S]        	--  "Controls whether dual wielding is enabled on the server"
Server.EmotesDuringPodiumEnabled           	["0","1"]         	[S]        	--  "Controls whether players can use emotes during podium"
Server.EmotesEnabled                       	["0","1"]         	[S]        	--  "Controls whether players can use emotes"
Server.FileServerEnabled                   	[]                	[S,X]      	--  "Enable/Disable local file server (for serving mod packages)"
Server.FileServerPort                      	[]                	[S,X]      	--  "The port number used by the file server (for serving mod packages)"
Server.FloodFilterEnabled                  	["0","1"]         	[S]        	--  "Controls whether chat flood filtering is enabled"
Server.FloodMessageScoreLong               	[]                	[S]        	--  "Sets the flood filter score for long messages"
Server.FloodMessageScoreShort              	[]                	[S]        	--  "Sets the flood filter score for short messages"
Server.FloodTimeoutResetSeconds            	[]                	[S]        	--  "Sets the period in seconds before a spammer's next timeout is reset"
Server.FloodTimeoutScore                   	[]                	[S]        	--  "Sets the flood filter score that triggers a timeout"
Server.FloodTimeoutSeconds                 	[]                	[S]        	--  "Sets the timeout period in seconds before a spammer can send messages again"
Server.GamePort                            	[]                	[S,X]      	--  "The port number used by Halo Online"
Server.HUDWaypointStyle                    	["0","1"]         	[S]        	--  "0 = Halo Online, 1 = Halo 3"
Server.HitMarkersEnabled                   	["0","1"]         	[S]        	--  "Controls whether or not hitmarkers are enabled on this server"
Server.Http.CacheTime                      	[]                	[S,X]      	--  "Time in seconds the server should cache the http server response"
Server.KickBan                             	["player_name"]   	[S]        	--  "Adds to the ban list and kicks the player"
Server.KickBanIndex                        	["player_index"]  	[S]        	--  "Kicks and IP bans a player from the game by index (host only)"
Server.KickBanPlayer                       	["player_name"]   	[S]        	--  "Kicks and IP bans a player from the game by name (host only)"
Server.KickBanUid                          	["player_uid"]    	[S]        	--  "Kicks and IP bans players from the game by UID (host only)"
Server.KickIndex                           	["player_index"]  	[S]        	--  "Kicks a player from the game by index (host only)"
Server.KickPlayer                          	["player_name"]   	[S]        	--  "Kicks a player from the game by name (host only)"
Server.KickTempBanPlayer                   	["player_name"]   	[S]        	--  "Kicks and temporarily IP bans a player from the game by name (host only)"
Server.KickTempBanUid                      	["player_uid"]    	[S]        	--  "Kicks and temporarily IP bans players from the game by UID (host only)"
Server.KickUid                             	["player_uid"]    	[S]        	--  "Kicks players from the game by UID (host only)"
Server.KillCommandDuringPodiumEnabled      	["0","1"]         	[S]        	--  "Controls whether players can use the kill during the end game podium"
Server.KillCommandEnabled                  	["0","1"]         	[S]        	--  "Controls whether players can use the kill"
Server.KillCommandMessage                  	["quoted_string"] 	[S]        	--  "Sets the message that is sent when a user uses the kill command"
Server.ListPlayers                         	[""]              	[S]        	--  "Lists players in the game"
Server.ListPlayersLogEnabled               	[]                	[S,X]      	--  "Controls whether player list logging is enabled"
Server.ListPlayersLogFile                  	[]                	[S,X]      	--  "Sets the name of the file to log player lists to"
Server.ListTempBans                        	[""]              	[S]        	--  "List all ips that have a temporary ban"
Server.LobbyType                           	[]                	[S,X]      	--  "Changes the lobby type for the server. 0 = Campaign; 1 = Matchmaking; 2 = Multiplayer; 3 = Forge; 4 = Theater;"
Server.MaxPlayers                          	["1-16"]          	[S]        	--  "Maximum number of connected players, 1 - 16"
Server.Message                             	["quoted_string"] 	[S]        	--  "Text to display on the loading screen (limited to 512 chars)"
Server.Mod                                 	[]                	[S,X,?]    	--  "Sets the current tag mod"
Server.Mode                                	[]                	[S,X]      	--  "Changes the network mode for the server. 0 = Xbox Live (Open Party); 1 = Xbox Live (Friends Only); 2 = Xbox Live (Invite Only); 3 = Online; 4 = Offline;"
Server.ModsJsonFile                        	[]                	[S,X]      	--  "Sets the path to the mods.json file for automatic mod downloads on boot"
Server.MutePlayer                          	["player_name"]   	[S]        	--  "Mutes Player from Chat"
Server.MuteSoundsDuringPostGame            	["0","1"]         	[S]        	--  "Controls whether the game will mute sounds during the post game time"
Server.Name                                	["quoted_string"] 	[S]        	--  "The name of the server (limited to 128 characters)"
Server.NearVictoryMusicEnabled             	["0","1"]         	[S]        	--  "controls if music should start to play in a match based on the scores of the match"
Server.NearVictoryMusicPercentage          	["0-100"]         	[S]        	--  "controls when music should start to play in a match based on the required score_to_win for the gametype. 0 = disabled"
Server.NumberOfTeams                       	["1-8"]           	[S]        	--  "Set the desired number of teams, 1 - 8"
Server.PM                                  	[]                	[S]        	--  "Sends a pm to a player as the server. First argument is the player name, second is the message in quotes"
Server.Password                            	[]                	[S,X]      	--  "The server password"
Server.Ping                                	[]                	[S,X]      	--  "Ping a server"
Server.PlayersInfo                         	[""]              	[S]        	--  "Emblem and Rank info for each player"
Server.PlayersPingInfo                     	[""]              	[S]        	--  "ping info for each player"
Server.PodiumEnabled                       	["0","1"]         	[S]        	--  "should run podium hsc script at game finish. 0 = Disabled; 1 = Enabled; 2 = Forged maps Only (When podium was placed on a forged map)"
Server.PodiumEnabledDuringForge            	["0","1"]         	[S]        	--  "should run podium hsc script in forge at game finish"
Server.Port                                	[]                	[S,X]      	--  "The port number the HTTP server runs on, the game uses Server.GamePort"
Server.PostGameFadeStartDelay              	["0-40"]          	[S]        	--  "Time in seconds from game over to start fading to black"
Server.PostGameTimeSeconds                 	["0-40"]          	[S]        	--  "Time in seconds from game over to return to lobby"
Server.PostMatchMusicEnabled               	["0","1"]         	[S]        	--  "Controls whether the postmatch music will play during podium/postmatch time"
Server.RconConsoleOutputEnabled            	["0","1"]         	[S,X]      	--  "Controls whether the console ouput of the server is forwarded out through rcon"
Server.RconLogEnabled                      	[]                	[S,X]      	--  "Controls whether rcon logging is enabled"
Server.RconLogFile                         	[]                	[S,X]      	--  "Sets the name of the file to log rcon messages to"
Server.RconPassword                        	[]                	[S,X]      	--  "Password for the remote console"
Server.RefreshMods                         	[""]              	[S]        	--  "Searches for mods in the mods directory"
Server.RemoveTempBan                       	["player_index"]  	[S]        	--  "Removes a player by index from the temp ban list"
Server.ReturnToLobbyTimeout                	[]                	[S,X]      	--  "Controls the maximum duration of blackscreens postgame, default 10"
Server.Say                                 	[]                	[S]        	--  "Sends a chat message as the server"
Server.SendChatToRconClients               	["0","1"]         	[S,X]      	--  "Controls whether or not chat should be sent through rcon"
Server.ShouldAnnounce                      	["0","1"]         	[S,X]      	--  "Controls whether the server will be announced to the master servers"
Server.ShouldSubmitStats                   	["0","1"]         	[S,X]      	--  "Sets whether the server should ever submit stats to the stats servers"
Server.ShowDisconnectedPlayers             	["0","1"]         	[S,X]      	--  "Show disconnected players in the scoreboard"
Server.ShowPlayerPing                      	["0","1"]         	[S]        	--  "Controls whether the game will show ping on client scoreboards"
Server.ShuffleTeams                        	[""]              	[S]        	--  "Evenly distributes players between the red and blue teams"
Server.SignalServerPort                    	[]                	[S,X]      	--  "The port the signaling server will listen on"
Server.Sprint                              	["0","1","2"]     	[S]        	--  "Controls whether sprint is enabled on the server. 0 = Disabled Globally; 1 = Enabled Globally; 2 = Inherited by gametype settings;"
Server.SubmitVote                          	[""]              	[S]        	--  "Sumbits a vote"
Server.TeamShuffleEnabled                  	["0","1"]         	[S]        	--  "Controls whether or not the teams will be automatically shuffled before the game starts."
Server.TeamSize                            	["1-8"]           	[S]        	--  "Set the minimum number of players each team must have before a new team is assigned"
Server.TempBanDuration                     	["1-10"]          	[S]        	--  "Duration of a temporary ban (in games)"
Server.Unannounce                          	[""]              	[S,X]      	--  "Notifies the master servers to remove this server"
Server.Unban                               	["player_name"]   	[S]        	--  "Removes from the ban list"
Server.UnlimitedSprint                     	["0","1"]         	[S]        	--  "Controls whether unlimited sprint is enabled on the server"
Server.UnmutePlayer                        	["player_name"]   	[S]        	--  "unmutes Player from Chat"
Server.VotePassPercentage                  	["0-100"]         	[S]        	--  "Percentage of players required to vote yes for a chat command vote to pass"
Server.WebsocketInfo                       	[]                	[C,X]      	--  "Display the websocket password for the current server"
Settings.AnisotropicFiltering              	[]                	[C]        	--  "Sets the anisotropic filtering quality level"
Settings.Antialiasing                      	[]                	[C]        	--  "Controls whether antialiasing is disabled (0), FXAA is enabled (1)"
Settings.AudioOutputDevice                 	[]                	[C]        	--  "Sets the audio output device to use (0) being system default"
Settings.AudioOutputDeviceList             	[]                	[C]        	--  "List available audio output devices"
Settings.AutoCentering                     	[]                	[C]        	--  "Controls whether auto-centering is enabled (1) or disabled (0)"
Settings.BlurQuality                       	[]                	[C]        	--  "Specify motion blur, UI and depth of field quality. Higher qualities can severely degrade performance at higher resolutions."
Settings.Brightness                        	[]                	[C]        	--  "Controls the brightness level (0 - 100)"
Settings.Contrast                          	[]                	[C]        	--  "Controls the contrast level (0 - 100)"
Settings.DecoratorDistance                 	[]                	[C]        	--  "Decorator render distance"
Settings.DetailsQuality                    	[]                	[C]        	--  "Controls whether the details quality level is low, medium or high"
Settings.DisplayHints                      	[]                	[C]        	--  "Controls whether displaying of hints is enabled (1) or disabled (0)"
Settings.EffectsQuality                    	[]                	[C]        	--  "Controls whether the effects quality level is low, medium or high"
Settings.ExposureCpu                       	[]                	[C]        	--  "Disables GPU occlusion for exposure/bloom and calculates it on the CPU instead"
Settings.FirstPersonJumpAndLand            	[]                	[C]        	--  "Controls whether the Halo Online FP Jump/Land/Fall Animations are enabled"
Settings.Fullscreen                        	[]                	[C]        	--  "Controls whether the game is windowed (0) or fullscreen (1)"
Settings.Gamepad                           	[]                	[C]        	--  "Controls whether gamepad is enabled (1) or disabled (0)"
Settings.HUDShake                          	[]                	[C]        	--  "Controls whether hud shake is enabled (1) or disabled (0)"
Settings.InGameMusicVolume                 	[]                	[C]        	--  "Controls the music volume during matches"
Settings.InvertLook                        	[]                	[C]        	--  "Controls whether look-inversion is enabled (1) or disabled (0)"
Settings.InvertMouse                       	[]                	[C]        	--  "Controls whether mouse-inversion is enabled (1) or disabled (0)"
Settings.LODDistance                       	[]                	[C]        	--  "LOD render distance scale"
Settings.LightingQuality                   	[]                	[C]        	--  "Controls whether the lighting quality level is low, medium or high"
Settings.LookSensitivity                   	[]                	[C]        	--  "Controls the controller look sensitivity (0 - 100)"
Settings.MainMenuMusicVolume               	[]                	[C]        	--  "Controls the main menu music volume"
Settings.MasterVolume                      	[]                	[C]        	--  "Controls the master volume"
Settings.MotionBlur                        	[]                	[C]        	--  "Controls whether motion blur is enabled (1) or disabled (0)"
Settings.MotionBlurAlways                  	[]                	[C]        	--  "Specifies whether to always apply motion blur or only with camera movement"
Settings.MotionBlurStrength                	[]                	[C]        	--  "Controls motion blur strength"
Settings.MouseAcceleration                 	[]                	[C]        	--  "Controls the level of mouse acceleration (0 - 100)"
Settings.MouseFilter                       	[]                	[C]        	--  "Controls whether mouse-filtering is enabled (1) or disabled (0)"
Settings.MouseSensitivityHorizontal        	[]                	[C]        	--  "Controls the horizontal mouse sensitivity (0 - 100)"
Settings.MouseSensitivityVehicleHorizontal 	[]                	[C]        	--  "Controls the horizontal mouse sensitivity for vehicles (0 - 100)"
Settings.MouseSensitivityVehicleVertical   	[]                	[C]        	--  "Controls the vertical mouse sensitivity for vehicles (0 - 100)"
Settings.MouseSensitivityVertical          	[]                	[C]        	--  "Controls the vertical mouse sensitivity (0 - 100)"
Settings.MusicInLobby                      	[]                	[C]        	--  "Sets whether music should play after returning to the lobby"
Settings.PersistentLobby                   	[]                	[C]        	--  "Sets whether the lobby will try to set the previously loaded map, variant type and mod from previous sessions"
Settings.PlayerMarkerColors                	[]                	[C]        	--  "Controls whether the player marker colors are default, ally or armor"
Settings.PostprocessingQuality             	[]                	[C]        	--  "Controls whether the postprocessing quality level is low, medium or high"
Settings.Reset                             	[]                	[C]        	--  "Restores default settings"
Settings.SSAO                              	[]                	[C]        	--  "Enable or disable SSAO"
Settings.ScreenResolution                  	[]                	[C]        	--  "Controls the screen resolution"
Settings.SfxVolume                         	[]                	[C]        	--  "Controls the sfx volume"
Settings.ShadowQuality                     	[]                	[C]        	--  "Controls whether the shadow quality level is low, medium or high"
Settings.ShadowResolution                  	[]                	[C]        	--  "Controls global shadow map resolution"
Settings.Subtitles                         	[]                	[C]        	--  "Changes subtitles display setting (0 = Auto; 1 = On; 2 = Off)"
Settings.TextureFilteringQuality           	[]                	[C]        	--  "Controls whether the texture-filtering quality level is low, medium or high"
Settings.TextureResolution                 	[]                	[C]        	--  "Controls whether the texture resolution level is low, medium or high"
Settings.ToggleCrouch                      	[]                	[C]        	--  "Controls whether crouch-toggling is enabled (1) or disabled (0)"
Settings.VSync                             	[]                	[C]        	--  "Controls whether vertical sync is enabled (1) or disabled (0)"
Time.GameSpeed                             	[]                	[S]        	--  "The game's speed"
Tweaks.DisableHitMarkers                   	[]                	[C,X]      	--  "Disables weapon hitmarkers."
Tweaks.DisableReactorFog                   	[]                	[C,X]      	--  "Disable the fog effects around the moving platforms on the Reactor map to increase performance."
Tweaks.DisableWeaponOutline                	[]                	[C,X]      	--  "Disables the outline effect on weapons and equipment."
Tweaks.FlatHUD                             	[]                	[C,X]      	--  "Removes distortion from the HUD."
UPnP.Enabled                               	["0","1"]         	[S,X]      	--  "Enables UPnP to automatically port forward when hosting a game."
VoIP.AGC                                   	[]                	[C]        	--  "Toggle automatic gain control"
VoIP.EchoCancelation                       	[]                	[C]        	--  "Toggle echo cancellation"
VoIP.Enabled                               	[]                	[C]        	--  "Toggle voip on or off"
VoIP.IncomingVolume                        	[]                	[C]        	--  "Set the default incoming voice chat volume"
VoIP.MaximumBitrate                        	[]                	[C]        	--  "Set the maximum bitrate for each voip peer"
VoIP.MicrophoneID                          	[]                	[C]        	--  "microphone label to use for voip, blank is default device"
VoIP.NoiseSupress                          	[]                	[C]        	--  "Toggle noise supression"
VoIP.OutgoingVolume                        	[]                	[C]        	--  "Set the outgoing voice volume"
VoIP.PTTSoundEnabled                       	[]                	[C]        	--  "Toggles the sound played when using Push-To-Talk."
VoIP.PTT_Enabled                           	[]                	[C]        	--  "Enable PTT(1) or voice activation(0)"
VoIP.SpeakingPlayerOnHUD                   	[]                	[C]        	--  "Shows the speaking player on the HUD, rather than the web overlay."
VoIP.Stats                                 	[]                	[C]        	--  "Enable voip statics overlay"
VoIP.Update                                	[]                	[C]        	--  "Updates the voip screen layer with variable states"
Voting.CancelVote                          	[""]              	[S]        	--  "Cancels the vote"
Voting.DuplicationLevel                    	["0","1","2"]     	[S]        	--  "Whether duplicate voting options will be allowed."
Voting.InstantVoteSkipEnabled              	["0","1"]         	[S]        	--  "Controls whether instant skip voting is enabled when majority of players vote for an option"
Voting.InstantVoteSkipMinPlayers           	["1-16"]          	[S]        	--  "Minimum number of players that need to vote for an instant skip to be considered"
Voting.JsonPath                            	["quoted_string"] 	[S,X]      	--  "Voting Json Path"
Voting.MaxRematchCount                     	["0-100"]         	[S]        	--  "Controls how many rematches are allowed in the voting system, 0 - 100"
Voting.MaxRevoteCount                      	["0-100"]         	[S]        	--  "Controls how many revotes are allowed in the voting system, 0 - 100"
Voting.MaxVetoCount                        	["0-100"]         	[S]        	--  "Controls how many veto votes are allowed, 0 - 100"
Voting.ReloadJson                          	[""]              	[S]        	--  "Manually Reloads Json"
Voting.SystemType                          	["0","1","2"]     	[S]        	--  "0 = Disabled, 1 = Voting, 2 = Vetoing"
Voting.VetoPassPercentage                  	["1-100"]         	[S]        	--  "Percentage of players that need to vote for it to pass, 1 - 100"
Voting.VetoSelectionType                   	["0","1"]         	[S]        	--  "0 = random, 1 = ordered"
Voting.VetoWinnerShowTime                  	["1-100"]         	[S]        	--  "The length of time the winning option is show, 1 - 100"
Voting.VoteGameStartCountdown              	["4-100"]         	[S]        	--  "Controls how many seconds to wait after a vote passes before calling 'game.start'. 4 - 100"
Voting.VoteOptionCount                     	["1","2","3","4"] 	[S]        	--  "Controls how many voting options are displayed, 1 - 4"
Voting.VoteTime                            	["1-100"]         	[S]        	--  "Controls how long the vote lasts for Map Voting. 1 - 100"
Weapon.JSON.Delete                         	[]                	[C,X]      	--  "This delete a new weapon offset config."
Weapon.JSON.File                           	[]                	[C,X]      	--  "The file weapon changes are saved to."
Weapon.JSON.Load                           	[]                	[C,X]      	--  "This loads weapon offset."
Weapon.JSON.New                            	[]                	[C,X]      	--  "This creates a new weapon offset config."
Weapon.JSON.Save                           	[]                	[C,X]      	--  "This saves weapon offset."
Weapon.Offset                              	[]                	[C,X]      	--  "This changes weapon offset."
Weapon.Offset.Reset                        	[]                	[C,X]      	--  "This resets weapon offset to default."